Word,Meaning
Gyatt,Extremely impressive physique or reaction
Rizz,Natural ability to charm or flirt
No cap,No lie or dead serious
Bet,Agreed or challenge accepted
Glow up,Incredible physical or mental transformation
Slay,To absolutely crush it or look amazing
Delulu,Being ridiculously delusional for fun
Side eye,Silent judgment with a look
BFFR,Be fucking for real
Sus,Highly suspicious or questionable behavior
Ate,Executed perfectly with zero notes
Main character,Acting like the world revolves around you
NPC,Person with zero independent thoughts
Flex,Showing off unnecessarily
Situationship,More than friends but less than official
Spill the tea,Share the juicy gossip
Gagged,Left completely speechless or shocked
Vibe check,Assessing someone's overall energy
Bop,A song that is insanely catchy
Smash,Would definitely say yes to
Pass,Not interested at all
Ghosted,Disappeared without a trace
Glow down,Opposite of a glow up
Caught in 4K,Caught red-handed with solid proof
Simp,Doing way too much for someone you like
Clout,Social media clout or fame
Era,A specific phase in your life
Living rent free,Stuck in your head constantly
Down bad,Desperately attracted or helpless
Salty,Bitter or annoyed over something petty
Out of pocket,Uncalled for or chaotic behavior
Mother,A woman who is an absolute icon
Father,A man with undeniable authority and charm
GigaChad,The ultimate alpha individual
Snatched,Looking absolutely fine and toned
Basic,Exclusively into mainstream trends
Period,End of discussion
Mood,Relatable emotional state
Sending me,Making me laugh uncontrollably
Touch grass,Get off the internet and experience reality